#,Description,Value,Type,Max
401,"UpperDB 16   ",120,TrackBar,127
402,"UpperDB 5 1/3",127,TrackBar,127
403,"UpperDB 8    ",127,TrackBar,127
404,"UpperDB 4    ",127,TrackBar,127
405,"UpperDB 2 2/3",104,TrackBar,127
406,"UpperDB 2    ",93,TrackBar,127
407,"UpperDB 1 3/5",98,TrackBar,127
408,"UpperDB 1 1/3",107,TrackBar,127
409,"UpperDB 1    ",109,TrackBar,127
410,"Vibrato Knob",5,VibKnob,5
413,"Upper Preset ",2,None,15
414,"Lower Preset ",0,None,15
416,"LowerDB 16   ",0,TrackBar,127
417,"LowerDB 5 1/3",0,TrackBar,127
418,"LowerDB 8    ",127,TrackBar,127
419,"LowerDB 4    ",80,TrackBar,127
420,"LowerDB 2 2/3",0,TrackBar,127
421,"LowerDB 2    ",0,TrackBar,127
422,"LowerDB 1 3/5",0,TrackBar,127
423,"LowerDB 1 1/3",0,TrackBar,127
424,"LowerDB 1    ",0,TrackBar,127
425,"PedalDB 16   ",0,TrackBar,127
426,"PedalDB 5 1/3",0,TrackBar,127
427,"PedalDB 8    ",127,TrackBar,127
428,"Pedal Sustain",0,TrackBar,100
431,"Tube Amp Gain",100,TrackBar,250
490,"Master Volume",250,TrackBar,250
433,"MIDI Channel ",0,TrackBar,9
434,"MIDI Option  ",0,MidiOpt,3
435,"MIDI CC Set  ",0,MidiCC,13
486,"MIDI Swell  CC",11,None,127
487,"MIDI Volume CC",7,None,127
436,"Split Mode",0,SplitOpt,4
489,"Split Point",24,None,24
437,Transpose,0,None,13
438,"AudioJack Conf A",26,OutConfig,31
439,"AudioJack Conf B",24,OutConfig,31
440,"Scanner Gearing",62,TrackBar,100
441,"Scanner Leakage",16,TrackBar,100
442,"VibCh AmplMod",179,TrackBar,200
443,"VibCh PreEmphasis",129,TrackBar,200
444,"VibCh DelayLine Reflect",0,TrackBar,200
445,"VibCh Response",63,TrackBar,200
446,"Chorus Effect Mix",46,TrackBar,250
447,"Chorus Bypass Mix",180,TrackBar,250
493,"V1 Modulation",60,TrackBar,250
494,"C1 Modulation",60,TrackBar,250
495,"V2 Modulation",100,TrackBar,250
496,"C2 Modulation",100,TrackBar,250
497,"V3 Modulation",168,TrackBar,250
498,"C3 Modulation",175,TrackBar,250
448,"Perc Norm Level",180,TrackBar,250
449,"Perc Soft Level",140,TrackBar,200
450,"Perc Long Time",14,TrackBar,50
451,"Perc Short Time",40,TrackBar,70
452,"Perc DB Muted Level",120,TrackBar,250
453,"TG Flutter   ",7,TrackBar,15
454,"TG Leakage   ",2,Leakage,3
455,"TG Cap Set",1,CapSet,3
456,"No 1' with Perc On",0,Button,1
457,"Foldback 16' Mode",0,FoldbackMode,3
482,"AO28 Minimal Swell",7,TrackBar,25
458,"AO28 Tone Pot",30,TrackBar,100
459,"AO28 Swell TrimCap",50,TrackBar,100
460,"AO28 TriodeDistortion",20,TrackBar,50
461,"Contact Spring Flex",7,TrackBar,15
462,"Contact Spring Damping",9,TrackBar,15
463,"Reverb 1 Level",100,TrackBar,250
464,"Reverb 2 Level",140,TrackBar,250
465,"Reverb 3 Level",140,TrackBar,250
466,"Horn Slow Timer",17,TrackBar,50
467,"Rotor Slow Timer",14,TrackBar,50
468,"Horn Fast Timer",140,TrackBar,150
469,"Rotor Fast Timer",134,TrackBar,150
470,"Horn RampUp Time",0,TrackBar,25
471,"Rotor RampUp Time",10,TrackBar,25
472,"Horn RampDown Time",7,TrackBar,50
473,"Rotor RampDown Time",16,TrackBar,50
474,"Rotary Throb",175,TrackBar,250
475,"Rotary Spread",60,TrackBar,100
476,"Rotary Balance",100,TrackBar,200
477,"Scan Core (Board)",1,ScanBoard,7
478,"No Analog Inputs",255,Button,1
479,"ButtonMask Pins PL7",0,CheckBits,255
480,"ButtonMask Pins PL11",0,CheckBits,255
481,"Amp Pot Enable",0,Button,1
492,"Aux Pot Routing",0,AuxPotRouting,2
483,"2nd DBs preset number",16,None,15
484,"No splitted Preset16",0,Button,1
485,"Save Tabs to Presets",255,Button,1
501,"Busbar Level 16   ",225,TrackBar,250
502,"Busbar Level 5 1/3",250,TrackBar,250
503,"Busbar Level 8    ",250,TrackBar,250
504,"Busbar Level 4    ",250,TrackBar,250
505,"Busbar Level 2 2/3",250,TrackBar,250
506,"Busbar Level 2    ",250,TrackBar,250
507,"Busbar Level 1 3/5",250,TrackBar,250
508,"Busbar Level 1 1/3",250,TrackBar,250
509,"Busbar Level 1    ",250,TrackBar,250
