#,Description,Value
466,"Horn Slow Timer",17
467,"Rotor Slow Timer",14
468,"Horn Fast Timer",140
469,"Rotor Fast Timer",134
470,"Horn RampUp Time",2
471,"Rotor RampUp Time",20
472,"Horn RampDown Time",1
473,"Rotor RampDown Time",30
474,"Rotary Throb",125
475,"Rotary Spread",50
476,"Rotary Balance",100
604,"Level Tap Main",180
605,"Level Tap Near Cab 4x",160
606,"Level Tap Far",230
607,"Level Input",150
608,"Level Rotor",200
610,"Throb Frequ Rotor",30
611,"Crossover Frequ",52
613,"Initial Room Dly Cab Near",105
614,"Initial Room Dly Far",230
616,"LFO Mod Horn Main L",230
617,"LFO Mod Horn Main R",230
618,"LFO Mod Horn Cab fx4",165
619,"LFO Mod Horn Refl L Near",210
620,"LFO Mod Horn Refl R Near",215
621,"LFO Mod Horn Refl L Far",220
622,"LFO Mod Horn Refl R Far",220
625,"LFO Mod Rotor Main",220
626,"LFO Mod Rotor Refl",220
627,"LFO Mod Rotor Throb",170
648,"LFO PhaseOfs Horn Main",85
650,"LFO PhaseOfs Horn Cab fx4",175
651,"LFO PhaseOfs Horn Refl Near",35
653,"LFO PhaseOfs Horn Refl Far",150
655,"LFO PhaseOfs Horn Throb",100
657,"LFO PhaseOfs Rotor Main",0
658,"LFO PhaseOfs Rotor Refl",90
659,"LFO PhaseOfs Rotor Throb",45
