#,Description,Value
466,"Horn Slow Timer",17
467,"Rotor Slow Timer",14
468,"Horn Fast Timer",140
469,"Rotor Fast Timer",130
470,"Horn RampUp Time",2
471,"Rotor RampUp Time",20
472,"Horn RampDown Time",1
473,"Rotor RampDown Time",30
474,"Rotary Throb",211
475,"Rotary Spread",107
476,"Rotary Balance",100
604,"Lvl Tap Main",188
605,"Lvl Tap Near Cab 4x",141
606,"Lvl Tap Far",168
607,"Lvl Input",185
608,"Lvl Rotor",201
610,"Throb Frq Rotor",28
611,"Crossover Frequ",52
613,"Initial Room Dly Cab Near",85
614,"Initial Room Dly Far",188
616,"LFO Mod Horn Main L",232
617,"LFO Mod Horn Main R",238
618,"LFO Mod Horn Cab fx4",148
619,"LFO Mod Horn Refl L Near",201
620,"LFO Mod Horn Refl R Near",195
621,"LFO Mod Horn Refl L Far",191
622,"LFO Mod Horn Refl R Far",188
623,"LFO Mod Horn Throb L",195
624,"LFO Mod Horn Throb R",198
625,"LFO Mod Rotor Main",210
626,"LFO Mod Rotor Refl",195
627,"LFO Mod Rotor Throb",225
648,"LFO PhaseOfs Horn Main",0
650,"LFO PhaseOfs Horn Cab fx4",54
651,"LFO PhaseOfs Horn Refl Near",80
653,"LFO PhaseOfs Horn Refl Far",208
655,"LFO PhaseOfs Horn Throb",119
657,"LFO PhaseOfs Rotor Main",0
658,"LFO PhaseOfs Rotor Refl",125
659,"LFO PhaseOfs Rotor Throb",65
