#,Description,Value,Type,Max
433,"MIDI Channel ",0,TrackBar,9
434,"MIDI Option  ",3,MidiOpt,3
435,"MIDI CC Set  ",0,MidiCC,6
486,"MIDI Swell  CC",11,None,127
487,"MIDI Volume CC",7,None,127
436,"Split Option  ",0,SplitOpt,2
437,"Transpose    ",0,None,13
438,"AudioJack Conf A",1,OutConfig,31
439,"AudioJack Conf B",18,OutConfig,31
488,"Scanner Gearing",60,TrackBar,127
440,"Vib1 LC Age  ",26,TrackBar,200
441,"Vib1 FreqMod ",60,TrackBar,200
442,"Vib2 LC Age  ",40,TrackBar,200
443,"Vib2 FreqMod ",100,TrackBar,200
444,"Vib3 LC Age  ",80,TrackBar,250
445,"Vib3 FreqMod ",180,TrackBar,250
446,"Chorus Dry Mix",180,TrackBar,250
447,"Chorus Vib Mix",85,TrackBar,250
448,"Perc Norm Level",180,TrackBar,250
449,"Perc Soft Level",110,TrackBar,200
450,"Perc Long Time",14,TrackBar,50
451,"Perc Short Time",40,TrackBar,70
452,"Perc DB Muted Level",120,TrackBar,250
453,"TG Flutter   ",7,TrackBar,15
454,"TG Leakage   ",2,Leakage,3
455,"TG Cap Set",1,CapSet,3
456,"No 1' with Perc On",255,Button,1
457,"Foldback 16' Mode",2,FoldbackMode,3
481,"Tone/Amp Pot Enable",255,Button,1
482,"Minimal Swell Volume",10,TrackBar,25
458,"AO28 Tone Pot",43,TrackBar,100
459,"AO28 Swell TrimCap",25,TrackBar,100
460,"AO28 Tube k2 ",25,TrackBar,50
461,"Contact Spring Flex",7,TrackBar,15
462,"Contact Spring Damping",9,TrackBar,15
463,"Reverb 1 Level",90,TrackBar,250
464,"Reverb 2 Level",150,TrackBar,250
465,"Reverb 3 Level",140,TrackBar,250
466,"Horn Slow Timer",17,TrackBar,50
467,"Rotor Slow Timer",14,TrackBar,50
468,"Horn Fast Timer",140,TrackBar,150
469,"Rotor Fast Timer",133,TrackBar,150
470,"Horn RampUp Time",2,TrackBar,25
471,"Rotor RampUp Time",20,TrackBar,25
472,"Horn RampDown Time",1,TrackBar,50
473,"Rotor RampDown Time",30,TrackBar,50
474,"Rotary Throb",180,TrackBar,250
475,"Rotary Spread",70,TrackBar,100
476,"Rotary Balance",100,TrackBar,200
477,"Scan Core (Board)",2,ScanBoard,7
478,"No Drawbars (Expander)",0,Button,1
479,"ButtonMask Pins PL7",0,CheckBits,255
480,"ButtonMask Pins PL11",0,CheckBits,255
483,"2nd DBs preset number",15,None,15
484,"No splitted Preset16",0,Button,1
485,"Save Tabs to Presets",0,Button,1
489,"Sostenuto Enable",0,Button,1